category,asset_id,source_image_url
hygiene,h01,https://static.tildacdn.one/tild3535-3162-4463-a137-636235333364/Compressed_Wipes.webp
hygiene,h02,https://static.tildacdn.one/tild6539-3536-4838-a136-666632613665/Shower_Gel_Lord.webp
hygiene,h03,https://static.tildacdn.one/tild3266-3037-4238-b433-653565373662/Mouthwash.webp
hygiene,h04,https://static.tildacdn.one/tild3134-6535-4533-b763-376463323966/_.webp
hygiene,h05,https://static.tildacdn.one/tild3938-6630-4562-b033-376666343533/Deodorant_Lady.webp
hygiene,h06,https://static.tildacdn.one/tild6130-6538-4138-b831-646331616662/Deodorat_Kiwi.webp
hygiene,h07,https://static.tildacdn.one/tild6630-3564-4432-a639-376462663465/_.webp
hygiene,h08,https://static.tildacdn.one/tild6239-3235-4264-a461-656438636237/_.webp
hygiene,h09,https://static.tildacdn.one/tild3766-3764-4538-b562-333864643466/__.webp
hygiene,h10,https://static.tildacdn.one/tild3639-3435-4339-b262-663234616138/photo.webp
hygiene,h11,https://static.tildacdn.one/tild3465-6437-4231-b438-373739646563/__.webp
hygiene,h12,https://static.tildacdn.one/tild3965-3132-4236-b533-336135643535/photo.webp
hygiene,h13,https://static.tildacdn.one/tild3130-6635-4262-b637-333530346335/_.webp
hygiene,h14,https://static.tildacdn.one/tild6466-3832-4533-b335-653836316236/photo.webp
hygiene,h15,https://static.tildacdn.one/tild3962-3238-4366-b335-373531356432/photo.webp
hygiene,h16,https://static.tildacdn.one/tild3164-6434-4366-b438-643264656665/_.webp
hygiene,h17,https://static.tildacdn.one/tild3364-3433-4230-a664-313236643335/__.webp
hygiene,h18,https://static.tildacdn.one/tild3966-3361-4263-b037-313030383837/_.webp
supplements,s01,https://static.tildacdn.one/tild3961-3764-4365-b533-666630656237/Phase_9.webp
supplements,s02,https://static.tildacdn.one/tild6562-3734-4533-a434-366638646464/DND.webp
supplements,s03,https://static.tildacdn.one/tild3730-3330-4432-b338-623664373536/Okseen.webp
supplements,s04,https://static.tildacdn.one/tild3235-6532-4862-a566-303262373062/photo.webp
supplements,s05,https://static.tildacdn.one/tild3638-3265-4536-b166-666338663435/Goldseen.webp
supplements,s06,https://static.tildacdn.one/tild3863-6137-4636-b766-333838313236/photo.webp
supplements,s07,https://static.tildacdn.one/tild3033-3565-4264-b963-386430623337/photo.webp
supplements,s08,https://static.tildacdn.one/tild6166-3832-4135-a664-343634663237/photo.webp
supplements,s09,https://static.tildacdn.one/tild6435-3037-4231-b162-366437646464/photo.webp
supplements,s10,https://static.tildacdn.one/tild3332-6234-4566-b336-393261323063/photo.webp
supplements,s11,https://static.tildacdn.one/tild3239-6630-4835-b334-383133356633/photo.webp
supplements,s12,https://static.tildacdn.one/tild3735-3366-4735-a666-643336633535/photo.webp
creams,c01,https://static.tildacdn.one/tild3933-3663-4035-a661-626137616635/Dynamic.webp
creams,c02,https://static.tildacdn.one/tild3434-3832-4861-b537-353233343134/Solaris_without_back.webp
creams,c03,https://static.tildacdn.one/tild6232-3738-4638-a665-373430623266/____.webp
creams,c04,https://static.tildacdn.one/tild6331-3038-4535-b163-386163333363/Body_butter.webp
creams,c05,https://static.tildacdn.one/tild3237-3336-4539-b862-643235623461/Facial_Solaris.webp
creams,c06,https://static.tildacdn.one/tild3764-6261-4932-b535-323963393037/__.webp
creams,c07,https://static.tildacdn.one/tild3566-6133-4436-b564-386632373266/photo.webp
creams,c08,https://static.tildacdn.one/tild6637-3563-4539-a632-623132393766/photo.webp
creams,c09,https://static.tildacdn.one/tild6637-6531-4332-a633-363963373363/_.webp
creams,c10,https://static.tildacdn.one/tild3735-6263-4133-b036-336639376464/photo.webp
creams,c11,https://static.tildacdn.one/tild6339-3262-4033-b236-393437636434/ARD___.webp
creams,c12,https://static.tildacdn.one/tild3739-3763-4035-a236-613039346136/ARD_SPF_.webp
parfumes,p01,https://static.tildacdn.one/tild6463-3464-4334-b064-386166366265/_.webp
parfumes,p02,https://static.tildacdn.one/tild3330-3535-4337-a362-363933666661/_.webp
parfumes,p03,https://static.tildacdn.one/tild6530-6231-4237-a466-383936343565/_.webp
parfumes,p04,https://static.tildacdn.one/tild3138-3839-4635-a265-336437313265/_.webp
drinks,d01,https://static.tildacdn.one/tild3865-6531-4033-a639-346339303033/photo.webp
drinks,d02,https://static.tildacdn.one/tild6235-3636-4763-a235-313562613536/Slimseen_Coffee_Mix.webp
drinks,d03,https://static.tildacdn.one/tild6439-3030-4363-b234-373863646465/Gonseen_wthout_backg.webp
drinks,d04,https://static.tildacdn.one/tild3136-3638-4235-a663-326132373439/photo.webp
