product_name,product_slug,product_page_url,source_image_url,local_filename,image_number,width,height,original_format,original_mime_type,file_size_bytes,sha256,download_status
Halo Hand & Nail Cream,hand-and-nail-treatment,https://drnona.com/product/hand-and-nail-treatment,https://res.cloudinary.com/drnona-com/image/upload/products/1/hand-and-nail-treatment.jpg?v=2026-07-07T07%3A19%3A38.493237,halo-hand-and-nail-cream-01.png,01,2953,2953,JPEG,image/jpeg,1096913,cbc19cac4fca6b37e9988ec5b2ebae5003c0d8279a7cc51aadcc2715b30aa678,success
Halo Night Cream,night-cream,https://drnona.com/product/night-cream,https://res.cloudinary.com/drnona-com/image/upload/products/1/night-cream.jpg?v=2026-07-07T07%3A23%3A18.552428,halo-night-cream-01.png,01,2953,2953,JPEG,image/jpeg,1759641,1da1c19d54e752e0a4bb5c791645c9980e1be9209299214f83d76fe9af9ca914,success
Halo Mineral Lipstick,lipstick-new,https://drnona.com/product/lipstick-new,https://res.cloudinary.com/drnona-com/image/upload/products/1/lipstick-new.jpg?v=2026-07-07T07%3A21%3A17.017731,halo-mineral-lipstick-01.png,01,2953,2953,JPEG,image/jpeg,1657863,a8cb88f7a94c56a50937d69a0053c4e1b273710e575b4b6eb1513284fbfea1bf,success
HALO-COMPLEX™ Calming bath salts with Camomile extract,salts-camomile,https://drnona.com/product/salts-camomile,https://res.cloudinary.com/drnona-com/image/upload/products/2/salts-camomile.jpg?v=2026-06-30T05%3A52%3A43.686173,halo-complextm-calming-bath-salts-with-camomile-extract-01.png,01,2000,2000,JPEG,image/jpeg,925674,63f4d0099789919160ca2ab5a12b5373020fe085b59386674a868bf0733cd8ed,success
HALO-COMPLEX™ Relaxing bath salts with Lavander extract,salts-lavander,https://drnona.com/product/salts-lavander,https://res.cloudinary.com/drnona-com/image/upload/products/2/salts-lavander.jpg?v=2026-06-30T05%3A57%3A21.162797,halo-complextm-relaxing-bath-salts-with-lavander-extract-01.png,01,2000,2000,JPEG,image/jpeg,925072,1949e10af8b43b869f76a66f41e7b00652fdb84febafdcd28b9f63561cc20e85,success
"HALO-COMPLEX™ Reviving bath salts with Rosemary, Eucalyptus & Thyme extract",salts-rosemary,https://drnona.com/product/salts-rosemary,https://res.cloudinary.com/drnona-com/image/upload/products/2/salts-rosemary.jpg?v=2026-06-30T06%3A22%3A41.625629,halo-complextm-reviving-bath-salts-with-rosemary-eucalyptus-and-thyme-ex-01.png,01,2000,2000,JPEG,image/jpeg,920799,bebbf0c5d04f9c28245a38d86c00c94294ba8d23179e37bc475fc27aa06ccf3c,success
"HALO-COMPLEX™ Refreshing bath salts with Ylang Ylang, Patchouli & Anis Star extract",salts-ylangylang,https://drnona.com/product/salts-ylangylang,https://res.cloudinary.com/drnona-com/image/upload/products/2/salts-ylangylang.jpg?v=2026-06-30T06%3A27%3A18.301662,halo-complextm-refreshing-bath-salts-with-ylang-ylang-patchouli-and-anis-01.png,01,2000,2000,JPEG,image/jpeg,928334,fa49ce43ca22c58ec75079a10aaf8de39322e617a073a7dbc62198743b8f13e0,success
Halo Dynamic Cream,dynamic-hydrating-cream,https://drnona.com/product/dynamic-hydrating-cream,https://res.cloudinary.com/drnona-com/image/upload/products/2/dynamic-hydrating-cream.jpg?v=2026-05-11T15%3A13%3A15.102721,halo-dynamic-cream-01.png,01,2953,2953,JPEG,image/jpeg,1782390,9b51bde2391ebcae3bc8d06e8cd12a8e4e5e190d1fab3d13622db85bb7c3e0de,success
Halo Bath Salts Quartet,a-quartet-of-bath-salts,https://drnona.com/product/a-quartet-of-bath-salts,https://res.cloudinary.com/drnona-com/image/upload/products/2/a-quartet-of-bath-salts.jpg?v=2026-06-29T12%3A21%3A33.652088,halo-bath-salts-quartet-01.png,01,500,500,JPEG,image/jpeg,172047,fb2f07570dde2a5c2e15cbdb4a5e37ec41bcc1523cf3b0c255bf03b9f24f5914,success
Halo Solaris Body Lotion,solaris-body-lotion,https://drnona.com/product/solaris-body-lotion,https://res.cloudinary.com/drnona-com/image/upload/products/2/solaris-body-lotion.jpg?v=2024-09-01T07%3A58%3A48.826832,halo-solaris-body-lotion-01.png,01,2953,2953,JPEG,image/jpeg,1200994,8fd1d09fa14ff0790348d37ce622c0178d0cc6b297b803f2802f5af2eb921ad7,success
Halo Recovering Mud Mask,beauty-mask-for-face,https://drnona.com/product/beauty-mask-for-face,https://res.cloudinary.com/drnona-com/image/upload/products/2/beauty-mask-for-face.jpg?v=2026-02-19T09%3A42%3A12.227616,halo-recovering-mud-mask-01.png,01,2000,2000,JPEG,image/jpeg,429974,4736066e72409682395dc687dfd91f3207d9ed56a42985d569aed161a4633263,success
Halo Solaris Facial Cream,facial-solaris,https://drnona.com/product/facial-solaris,https://res.cloudinary.com/drnona-com/image/upload/products/3/facial-solaris.jpg?v=2026-05-11T15%3A26%3A05.224326,halo-solaris-facial-cream-01.png,01,2953,2953,JPEG,image/jpeg,1681399,9a916ef3e03ef709db4ad1aa84ca84324cfc239f536cf5a417ddc99850792191,success
Travel kit,samples-kit,https://drnona.com/product/samples-kit,https://res.cloudinary.com/drnona-com/image/upload/products/3/samples-kit.jpg?v=2024-09-01T08%3A03%3A06.010752,travel-kit-01.png,01,1932,1591,JPEG,image/jpeg,2417693,e5fac5f89d4ebb24fcfdffb0ab450f353c33159f46a1c7ffca117256e174a954,success
Halo Eye Care Balm,eye-contour-balm,https://drnona.com/product/eye-contour-balm,https://res.cloudinary.com/drnona-com/image/upload/products/3/eye-contour-balm.jpg?v=2026-05-11T15%3A18%3A21.065271,halo-eye-care-balm-01.png,01,2953,2953,JPEG,image/jpeg,2063932,6191f7631b3708b6a5a69f88970535e3b2daee32194ad26a620cc5b8084cfad9,success
Anti-Aging Serum,anti-aging-serum,https://drnona.com/product/anti-aging-serum,https://res.cloudinary.com/drnona-com/image/upload/products/3/anti-aging-serum.jpg?v=2026-06-30T14%3A35%3A23.980158,anti-aging-serum-01.png,01,2500,2500,JPEG,image/jpeg,929957,89083d0ac8ef554f61c8be5df99e49d17a7b104ebae89ed9c4b7ca913faad9f9,success
Halo Dead Sea Water Compressed Wipes,dead-sea-water-compresses,https://drnona.com/product/dead-sea-water-compresses,https://res.cloudinary.com/drnona-com/image/upload/products/4/dead-sea-water-compresses.jpg?v=2024-09-01T08%3A01%3A48.909536,halo-dead-sea-water-compressed-wipes-01.png,01,1000,1000,JPEG,image/jpeg,962047,497816d450daa2dcf502101594f3a3fc031aadd5c47093a09660c254a81657bb,success
Halo Multi Mouthwash,mouthwash,https://drnona.com/product/mouthwash,https://res.cloudinary.com/drnona-com/image/upload/products/4/mouthwash.jpg?v=2026-05-11T16%3A09%3A51.245695,halo-multi-mouthwash-01.png,01,2953,2953,JPEG,image/jpeg,754468,ce2381d94ffc29d74ff5df2f231ddbbc9ff6f91b31915d69ff2e12628f1c1613,success
Lady - Halo Deodorant Antiperspirant,lady-deodorant,https://drnona.com/product/lady-deodorant,https://res.cloudinary.com/drnona-com/image/upload/products/4/lady-deodorant.jpg?v=2026-05-11T16%3A10%3A04.891459,lady-halo-deodorant-antiperspirant-01.png,01,2953,2953,JPEG,image/jpeg,2230409,eb144b143b62997175b06030d1e9855fd371bed7d1893213bd6e3459bc7734e0,success
Halo Shower Gel,halo-gel,https://drnona.com/product/halo-gel,https://res.cloudinary.com/drnona-com/image/upload/products/4/halo-gel.jpg?v=2024-09-01T08%3A01%3A10.712342,halo-shower-gel-01.png,01,500,500,JPEG,image/jpeg,85456,0630d8081854a02532d38b1c604d5de92f4e7159808bf3df7ae11087a221fb10,success
Kiwi - Halo Deodorant Antiperspirant,kiwi-deodorant,https://drnona.com/product/kiwi-deodorant,https://res.cloudinary.com/drnona-com/image/upload/products/4/kiwi-deodorant.jpg?v=2026-05-11T16%3A11%3A01.283211,kiwi-halo-deodorant-antiperspirant-01.png,01,2953,2953,JPEG,image/jpeg,2174158,bd2a248cd3b0e00e25f59ab06632b96c4bc8e65ec5ab3a1f11792d3a3c758409,success
Lord - Halo Deodorant Antiperspirant,lord-deodorant,https://drnona.com/product/lord-deodorant,https://res.cloudinary.com/drnona-com/image/upload/products/4/lord-deodorant.jpg?v=2026-05-11T16%3A11%3A43.344966,lord-halo-deodorant-antiperspirant-01.png,01,2953,2953,JPEG,image/jpeg,2182370,71d624e1007f5dd089eeff2eca5816e03303a76db72f0c3e4f997ceb01a9a12d,success
Halo Shenseen mousse,halo-shenseen-toothpaste,https://drnona.com/product/halo-shenseen-toothpaste,https://res.cloudinary.com/drnona-com/image/upload/products/4/halo-shenseen-toothpaste.jpg?v=2024-09-01T08%3A01%3A20.717289,halo-shenseen-mousse-01.png,01,1000,1000,JPEG,image/jpeg,248545,50a2cda1eafac42a0abee31d43de34655c0460b34bcd3899503d9a9037c05af5,success
Halo Pure Unisex Deodorant Stick,halo-pure-unisex-deodorant-stick,https://drnona.com/product/halo-pure-unisex-deodorant-stick,https://res.cloudinary.com/drnona-com/image/upload/products/4/halo-pure-unisex-deodorant-stick.jpg?v=2026-06-30T14%3A35%3A05.796066,halo-pure-unisex-deodorant-stick-01.png,01,500,500,JPEG,image/jpeg,96262,700712b8a2c17a34fe1a48785255ba6f4793af43a13f60d233dbd06fcc78275f,success
Halo Mineral Hair Conditioner,conditioner,https://drnona.com/product/conditioner,https://res.cloudinary.com/drnona-com/image/upload/products/4/conditioner.jpg?v=2026-02-03T12%3A30%3A48.194258,halo-mineral-hair-conditioner-01.png,01,2000,2000,JPEG,image/jpeg,478058,779a3a1a849b2f9a2115b0236a3c6ae19eae1088611bef311f5f41e7bde29167,success
Halo Face Milk,face-milk,https://drnona.com/product/face-milk,https://res.cloudinary.com/drnona-com/image/upload/products/4/face-milk.jpg?v=2024-09-01T07%3A59%3A01.277859,halo-face-milk-01.png,01,500,500,JPEG,image/jpeg,80278,c0cb26efd16d8bb1dfafdb5442db39794c559d6a8ef567769ccd46472c4e00d9,success
Halo Mineral Shampoo,frequent-use-tonic-shampoo,https://drnona.com/product/frequent-use-tonic-shampoo,https://res.cloudinary.com/drnona-com/image/upload/products/4/frequent-use-tonic-shampoo.jpg?v=2026-06-24T08%3A08%3A18.149844,halo-mineral-shampoo-01.png,01,500,500,JPEG,image/jpeg,86337,8a7c084d601f4eaf3ce33265f0c26ddac4f24ecdd1680f1ac59fdeed75c03d90,success
HALO-COMPLEX™ Purifying Facial Foam Soap,face-soap,https://drnona.com/product/face-soap,https://res.cloudinary.com/drnona-com/image/upload/products/4/face-soap.jpg?v=2026-02-16T09%3A05%3A22.037499,halo-complextm-purifying-facial-foam-soap-01.png,01,1000,1000,JPEG,image/jpeg,161679,2f4f549e2471ef524ba457d7650395de5604723cbdbfefc126ce786fbd1766dc,success
Eau De Parfum Kiwi,perfume-kiwi,https://drnona.com/product/perfume-kiwi,https://res.cloudinary.com/drnona-com/image/upload/products/5/perfume-kiwi.jpg?v=2026-05-31T07%3A51%3A31.432353,eau-de-parfum-kiwi-01.png,01,2048,2048,JPEG,image/jpeg,1106109,c703f7be885debb09559eb2400ed15c047bb671ce510c45fb86f53ef5b962951,success
Eau De Parfum Lord,after-shave-lord,https://drnona.com/product/after-shave-lord,https://res.cloudinary.com/drnona-com/image/upload/products/5/after-shave-lord.jpg?v=2025-01-12T09%3A56%3A30.825901,eau-de-parfum-lord-01.png,01,2000,1991,JPEG,image/jpeg,2848630,515a88b802ad4a18f33f5d3d8c4e6448ffd8663ba195d615c37f3a23311d1155,success
Eau De Parfum Nona,perfume-nona,https://drnona.com/product/perfume-nona,https://res.cloudinary.com/drnona-com/image/upload/products/5/perfume-nona.jpg?v=2025-03-06T11%3A40%3A23.529762,eau-de-parfum-nona-01.png,01,1600,1592,JPEG,image/jpeg,1038882,2d6120870fe801866a90ec693a3c0145fa748faf673528059a8719ae15ae2609,success
Eau De Parfum Lady,perfume-lady,https://drnona.com/product/perfume-lady,https://res.cloudinary.com/drnona-com/image/upload/products/5/perfume-lady.jpg?v=2026-07-01T08%3A23%3A54.622879,eau-de-parfum-lady-01.png,01,2048,2048,JPEG,image/jpeg,1221783,a387125df727cdcd9b153f40e21e616013a9088bad201e4bbb68c473f7093122,success
Halo Ravseen,ravseen,https://drnona.com/product/ravseen,https://res.cloudinary.com/drnona-com/image/upload/products/6/ravseen.jpg?v=2026-05-08T16%3A25%3A30.202585,halo-ravseen-01.png,01,3000,3000,JPEG,image/jpeg,1147344,c369da973e1540b0682aaf07b52efccf5aff12164443c43de57a6d3417573998,success
Halo Gonseen,gonseen,https://drnona.com/product/gonseen,https://res.cloudinary.com/drnona-com/image/upload/products/6/gonseen.jpg?v=2026-05-10T05%3A48%3A22.295591,halo-gonseen-01.png,01,2953,2953,JPEG,image/jpeg,1821111,2b960430501890d848827db5f605c90f61f1c4b2568343837de9534794c75442,success
Halo Soupseen,soupseen,https://drnona.com/product/soupseen,https://res.cloudinary.com/drnona-com/image/upload/products/6/soupseen.jpg?v=2026-05-10T05%3A27%3A10.985455,halo-soupseen-01.png,01,2000,2000,JPEG,image/jpeg,1827283,cb297879068d5d2e401030783f34aa5a6dd7895153d02527a6348198ade37bc9,success
Halo Femseen,femseen,https://drnona.com/product/femseen,https://res.cloudinary.com/drnona-com/image/upload/products/6/femseen.jpg?v=2026-05-10T08%3A00%3A04.897653,halo-femseen-01.png,01,500,500,JPEG,image/jpeg,119980,2f206b4554aeadb31163f47d7ee16e243f46ffe25c77e2b54b1eb4cba1f5616e,success
Halo Okseen,okseen,https://drnona.com/product/okseen,https://res.cloudinary.com/drnona-com/image/upload/products/6/okseen.jpg?v=2026-05-08T16%3A45%3A53.779641,halo-okseen-01.png,01,2000,2000,JPEG,image/jpeg,703282,16c0b1aed69d6c1b6926fe9dac3999a3d03107f64685f7dedb5b680ad99fe525,success
Halo Slimseen Coffee Mix,coffee-mix,https://drnona.com/product/coffee-mix,https://res.cloudinary.com/drnona-com/image/upload/products/6/coffee-mix.jpg?v=2026-07-01T08%3A25%3A14.469881,halo-slimseen-coffee-mix-01.png,01,2953,2953,JPEG,image/jpeg,1530498,8d697aaca5e168d37391af2da23550698a9dd4f27166868bc5bc5361d7ca0ac9,success
Halo Yamseen,yamseen,https://drnona.com/product/yamseen,https://res.cloudinary.com/drnona-com/image/upload/products/6/yamseen.jpg?v=2026-05-09T17%3A05%3A09.096163,halo-yamseen-01.png,01,3000,3000,JPEG,image/jpeg,1119324,7ca30d9324e49c0bfb50f9ef03ba653f7be8c36d9d34d604034550162b574334,success
Halo Reumoseen,reumoseen,https://drnona.com/product/reumoseen,https://res.cloudinary.com/drnona-com/image/upload/products/6/reumoseen.jpg?v=2026-05-09T03%3A11%3A33.367368,halo-reumoseen-01.png,01,2953,2953,JPEG,image/jpeg,1594732,8b0021074662d5f1abf0103b6389d420654479352edca78a68c0e34ab6a74263,success
Halo Goldseen,goldseen,https://drnona.com/product/goldseen,https://res.cloudinary.com/drnona-com/image/upload/products/6/goldseen.jpg?v=2026-05-10T06%3A29%3A09.843752,halo-goldseen-01.png,01,3000,3000,JPEG,image/jpeg,1103173,25b5031018377dd222ddd3e9c25f49e2cff227fee08f3d8f5f4241d746f7a04d,success
Halo Cleanseen,cleanseen,https://drnona.com/product/cleanseen,https://res.cloudinary.com/drnona-com/image/upload/products/6/cleanseen.jpg?v=2026-05-09T08%3A59%3A24.338889,halo-cleanseen-01.png,01,3000,3000,JPEG,image/jpeg,1155047,54c804f0276a56997fb9d5d4f2118cbcb82518716ba14a85b22753c4622f6650,success
Halo Gonseen FocusTea,gonseen-focus,https://drnona.com/product/gonseen-focus,https://res.cloudinary.com/drnona-com/image/upload/products/6/gonseen-focus.jpg?v=2026-05-10T08%3A00%3A48.248133,halo-gonseen-focustea-01.png,01,2953,2953,JPEG,image/jpeg,2451458,693f4a053f604423af24866d5356c9909c3ee0a7a97cb6022f5092841ba6204c,success
Halo Newseen,newseen,https://drnona.com/product/newseen,https://res.cloudinary.com/drnona-com/image/upload/products/6/newseen.jpg?v=2026-05-10T06%3A58%3A14.374056,halo-newseen-01.png,01,2953,2953,JPEG,image/jpeg,1547404,b7fc668ff302721e36d234b6cff488ab66c94452a563733c4b0eb5c1fe7198e1,success
Halo Pulmoseen,pulmoseen,https://drnona.com/product/pulmoseen,https://res.cloudinary.com/drnona-com/image/upload/products/6/pulmoseen.jpg?v=2026-05-08T17%3A11%3A10.106416,halo-pulmoseen-01.png,01,3000,3000,JPEG,image/jpeg,1130498,e21c762bf8eef17546cb8c9667dfcc5bedee0721ac14ec6632be3635ae83cc84,success
Halo Chocoseen,chocoseen,https://drnona.com/product/chocoseen,https://res.cloudinary.com/drnona-com/image/upload/products/6/chocoseen.jpg?v=2026-05-10T05%3A37%3A27.897595,halo-chocoseen-01.png,01,2000,2000,JPEG,image/jpeg,2218273,6350f0b006a8701eb43635a5cfda7a86413cca6401dd7c5720bfeed3e52fb523,success
Halo Phase 9,fase-9,https://drnona.com/product/fase-9,https://res.cloudinary.com/drnona-com/image/upload/products/6/fase-9.jpg?v=2026-05-09T13%3A42%3A23.206811,halo-phase-9-01.png,01,2953,2953,JPEG,image/jpeg,1542128,86802853ed941caa6dfe8e686f9c8409ba00b8e87216e1bfbaef2607c74ee9f6,success
DND,dnd-chewing-gum-tablets,https://drnona.com/product/dnd-chewing-gum-tablets,https://res.cloudinary.com/drnona-com/image/upload/products/6/dnd-chewing-gum-tablets.jpg?v=2026-05-09T14%3A52%3A45.043367,dnd-01.png,01,2953,2953,JPEG,image/jpeg,1935064,e79437e6c8ea9731b8ae7178041908885b4204ffdb9d2fa966426939a155a47e,success
Halo Gonseen RelaxTea,gonseen-relax,https://drnona.com/product/gonseen-relax,https://res.cloudinary.com/drnona-com/image/upload/products/6/gonseen-relax.jpg?v=2026-05-10T08%3A01%3A01.199498,halo-gonseen-relaxtea-01.png,01,2953,2953,JPEG,image/jpeg,2447177,2cefb4ec2dd59d95546c98a3ff4443bc93588c91ea3acf61b0d301818f61ca76,success
Halo Imunseen,imunseen,https://drnona.com/product/imunseen,https://res.cloudinary.com/drnona-com/image/upload/products/6/imunseen.jpg?v=2026-05-10T06%3A10%3A43.003533,halo-imunseen-01.png,01,2000,2000,JPEG,image/jpeg,695612,cf0d83d3304a8504e9c90607a95d24d8a9c21c7c808ea3aa5948335bb67254e7,success
Halo Gonseen VitaliTea,halo-gonseen-vitalitea,https://drnona.com/product/halo-gonseen-vitalitea,https://res.cloudinary.com/drnona-com/image/upload/products/6/halo-gonseen-vitalitea.jpg?v=2026-05-10T08%3A00%3A34.865379,halo-gonseen-vitalitea-01.png,01,2953,2953,JPEG,image/jpeg,1807763,d8135beffb16bbfc39c8929d12fc804b589a37cb8cc0ef33eacfa5b6b5554109,success
SHP Day Time Face Cream (LC),shp-day-time-face-cream-lc,https://drnona.com/product/shp-day-time-face-cream-lc,https://res.cloudinary.com/drnona-com/image/upload/products/7/shp-day-time-face-cream-lc.jpg?v=2023-03-19T13%3A10%3A54.841173,shp-day-time-face-cream-lc-01.png,01,1000,1000,JPEG,image/jpeg,556977,a4e5fa1bbfb2fbcd6c6e63d9c710043392a87449ed9dbdcec86e28dfd72fb06b,success
HALO-COMPLEX™ Anti Bac - Anti Fungal Itchy Dog Spray,anti-bac-anti-fungal-itchy-dog-spray,https://drnona.com/product/anti-bac-anti-fungal-itchy-dog-spray,https://res.cloudinary.com/drnona-com/image/upload/products/12/anti-bac-anti-fungal-itchy-dog-spray.jpg?v=2026-07-01T08%3A28%3A35.276100,halo-complextm-anti-bac-anti-fungal-itchy-dog-spray-01.png,01,1000,1000,JPEG,image/jpeg,446528,92101e09a4591268d553be047deb6934a2e85f096ac40e95fcfbe34c9eb25d9a,success
HALO-COMPLEX™ Itchy Dog Flea Shampoo,itchy-dog-flea-shampoo,https://drnona.com/product/itchy-dog-flea-shampoo,https://res.cloudinary.com/drnona-com/image/upload/products/12/itchy-dog-flea-shampoo.jpg?v=2026-07-01T08%3A28%3A54.478632,halo-complextm-itchy-dog-flea-shampoo-01.png,01,1000,1000,JPEG,image/jpeg,176323,d293be713f2e5093114491886e814d2c53b18f3e1caec7c16f8ff9872d092e97,success
Eau De Parfum Faya,parfum-faya,https://drnona.com/product/parfum-faya,https://res.cloudinary.com/drnona-com/image/upload/products/5/parfum-faya.jpg?v=2026-06-29T12%3A35%3A50.649528,eau-de-parfum-faya-01.png,01,1000,1000,JPEG,image/jpeg,898233,104a87530fd4719f8ec2bd1aab6861402f2e6a58903634f111012d8a0676196d,success
ARD,ard-complex,https://drnona.com/product/ard-complex,https://res.cloudinary.com/drnona-com/image/upload/products/7/ard-complex.jpg?v=2022-12-29T07%3A43%3A20.510887,ard-01.png,01,2048,2048,JPEG,image/jpeg,1458493,6ebd5736ebd2e9a4480a84d6d214f3df50b29140984cc000d5dd822252af0452,success
